<linker>
  <assembly fullname="Assembly-CSharp, Version=0.0.0.0, Culture=neutral, PublicKeyToken=null">
    <type fullname="Audio.AudioManager" preserve="all" />
    <type fullname="DI.GameScope" preserve="all" />
    <type fullname="DI.MenuScope" preserve="all" />
    <type fullname="DI.RootScope" preserve="all" />
    <type fullname="Game.Board.GameBoard" preserve="all" />
    <type fullname="Game.FX.EndGamePanelView" preserve="all" />
    <type fullname="Game.FX.FXAutohide" preserve="all" />
    <type fullname="Game.GameProgress.GameProgressView" preserve="all" />
    <type fullname="Game.Tiles.Tile" preserve="all" />
    <type fullname="Game.Tiles.TilesSetSo" preserve="all" />
    <type fullname="Game.Tiles.TileType" preserve="all" />
    <type fullname="Level.LevelConfiguration" preserve="all" />
    <type fullname="Menu.Levels.LevelsSequence" preserve="all" />
    <type fullname="Menu.Levels.LevelsSequenceView" preserve="all" />
    <type fullname="Menu.Settings.GameSettingsView" preserve="all" />
    <type fullname="Menu.UI.MenuView" preserve="all" />
    <type fullname="Menu.UI.StartLevelButton" preserve="all" />
    <type fullname="SceneLoading.LoadingView" preserve="all" />
    <type fullname="UI.BackgroundScroll" preserve="all" />
    <type fullname="Game.Tiles.BlankTile" preserve="nothing" serialized="true" />
  </assembly>
  <assembly fullname="Unity.Addressables, Version=0.0.0.0, Culture=neutral, PublicKeyToken=null" preserve="all">
    <type fullname="UnityEngine.AddressableAssets.Addressables" preserve="all" />
  </assembly>
  <assembly fullname="Unity.InputSystem, Version=1.9.0.0, Culture=neutral, PublicKeyToken=null">
    <type fullname="UnityEngine.InputSystem.InputActionAsset" preserve="all" />
    <type fullname="UnityEngine.InputSystem.InputActionReference" preserve="all" />
    <type fullname="UnityEngine.InputSystem.PlayerInput" preserve="all" />
    <type fullname="UnityEngine.InputSystem.UI.InputSystemUIInputModule" preserve="all" />
    <type fullname="UnityEngine.InputSystem.InputAction" preserve="nothing" serialized="true" />
    <type fullname="UnityEngine.InputSystem.InputActionMap" preserve="nothing" serialized="true" />
    <type fullname="UnityEngine.InputSystem.InputBinding" preserve="nothing" serialized="true" />
    <type fullname="UnityEngine.InputSystem.InputControlScheme" preserve="nothing" serialized="true" />
    <type fullname="UnityEngine.InputSystem.InputControlScheme/DeviceRequirement" preserve="nothing" serialized="true" />
    <type fullname="UnityEngine.InputSystem.PlayerInput/ActionEvent" preserve="nothing" serialized="true" />
    <type fullname="UnityEngine.InputSystem.PlayerInput/ControlsChangedEvent" preserve="nothing" serialized="true" />
    <type fullname="UnityEngine.InputSystem.PlayerInput/DeviceLostEvent" preserve="nothing" serialized="true" />
    <type fullname="UnityEngine.InputSystem.PlayerInput/DeviceRegainedEvent" preserve="nothing" serialized="true" />
  </assembly>
  <assembly fullname="Unity.RenderPipelines.Core.Runtime, Version=0.0.0.0, Culture=neutral, PublicKeyToken=null">
    <type fullname="UnityEngine.Rendering.Volume" preserve="all" />
    <type fullname="UnityEngine.Rendering.VolumeProfile" preserve="all" />
    <type fullname="UnityEngine.Rendering.BoolParameter" preserve="nothing" serialized="true" />
    <type fullname="UnityEngine.Rendering.ClampedFloatParameter" preserve="nothing" serialized="true" />
    <type fullname="UnityEngine.Rendering.ClampedIntParameter" preserve="nothing" serialized="true" />
    <type fullname="UnityEngine.Rendering.ColorParameter" preserve="nothing" serialized="true" />
    <type fullname="UnityEngine.Rendering.MinFloatParameter" preserve="nothing" serialized="true" />
    <type fullname="UnityEngine.Rendering.TextureParameter" preserve="nothing" serialized="true" />
    <type fullname="UnityEngine.Rendering.Vector2Parameter" preserve="nothing" serialized="true" />
  </assembly>
  <assembly fullname="Unity.RenderPipelines.Universal.Runtime, Version=0.0.0.0, Culture=neutral, PublicKeyToken=null">
    <type fullname="UnityEngine.Rendering.Universal.Bloom" preserve="all" />
    <type fullname="UnityEngine.Rendering.Universal.MotionBlur" preserve="all" />
    <type fullname="UnityEngine.Rendering.Universal.Tonemapping" preserve="all" />
    <type fullname="UnityEngine.Rendering.Universal.UniversalAdditionalCameraData" preserve="all" />
    <type fullname="UnityEngine.Rendering.Universal.UniversalAdditionalLightData" preserve="all" />
    <type fullname="UnityEngine.Rendering.Universal.Vignette" preserve="all" />
    <type fullname="UnityEngine.Rendering.Universal.TemporalAA/Settings" preserve="nothing" serialized="true" />
    <type fullname="UnityEngine.Rendering.Universal.DownscaleParameter" preserve="nothing" serialized="true" />
    <type fullname="UnityEngine.Rendering.Universal.HDRACESPresetParameter" preserve="nothing" serialized="true" />
    <type fullname="UnityEngine.Rendering.Universal.MotionBlurModeParameter" preserve="nothing" serialized="true" />
    <type fullname="UnityEngine.Rendering.Universal.MotionBlurQualityParameter" preserve="nothing" serialized="true" />
    <type fullname="UnityEngine.Rendering.Universal.NeutralRangeReductionModeParameter" preserve="nothing" serialized="true" />
    <type fullname="UnityEngine.Rendering.Universal.TonemappingModeParameter" preserve="nothing" serialized="true" />
  </assembly>
  <assembly fullname="Unity.ResourceManager, Version=0.0.0.0, Culture=neutral, PublicKeyToken=null" preserve="all">
    <type fullname="UnityEngine.ResourceManagement.ResourceProviders.AssetBundleProvider" preserve="all" />
    <type fullname="UnityEngine.ResourceManagement.ResourceProviders.BundledAssetProvider" preserve="all" />
    <type fullname="UnityEngine.ResourceManagement.ResourceProviders.InstanceProvider" preserve="all" />
    <type fullname="UnityEngine.ResourceManagement.ResourceProviders.SceneProvider" preserve="all" />
  </assembly>
  <assembly fullname="Unity.TextMeshPro, Version=0.0.0.0, Culture=neutral, PublicKeyToken=null">
    <type fullname="TMPro.TextMeshProUGUI" preserve="all" />
    <type fullname="TMPro.TMP_FontAsset" preserve="all" />
    <type fullname="TMPro.FaceInfo_Legacy" preserve="nothing" serialized="true" />
    <type fullname="TMPro.FontAssetCreationSettings" preserve="nothing" serialized="true" />
    <type fullname="TMPro.KerningTable" preserve="nothing" serialized="true" />
    <type fullname="TMPro.TMP_Character" preserve="nothing" serialized="true" />
    <type fullname="TMPro.TMP_FontFeatureTable" preserve="nothing" serialized="true" />
    <type fullname="TMPro.TMP_FontWeightPair" preserve="nothing" serialized="true" />
    <type fullname="TMPro.VertexGradient" preserve="nothing" serialized="true" />
  </assembly>
  <assembly fullname="UnityEditor.CoreModule, Version=0.0.0.0, Culture=neutral, PublicKeyToken=null">
    <type fullname="UnityEditor.Audio.AudioMixerSnapshotController" preserve="all" />
  </assembly>
  <assembly fullname="UnityEngine.AudioModule, Version=0.0.0.0, Culture=neutral, PublicKeyToken=null">
    <type fullname="UnityEngine.Audio.AudioMixer" preserve="all" />
    <type fullname="UnityEngine.Audio.AudioMixerGroup" preserve="all" />
    <type fullname="UnityEngine.AudioClip" preserve="all" />
    <type fullname="UnityEngine.AudioListener" preserve="all" />
    <type fullname="UnityEngine.AudioSource" preserve="all" />
  </assembly>
  <assembly fullname="UnityEngine.CoreModule, Version=0.0.0.0, Culture=neutral, PublicKeyToken=null">
    <type fullname="UnityEngine.Camera" preserve="all" />
    <type fullname="UnityEngine.Cubemap" preserve="all" />
    <type fullname="UnityEngine.GameObject" preserve="all" />
    <type fullname="UnityEngine.Light" preserve="all" />
    <type fullname="UnityEngine.LightmapSettings" preserve="all" />
    <type fullname="UnityEngine.Material" preserve="all" />
    <type fullname="UnityEngine.Mesh" preserve="all" />
    <type fullname="UnityEngine.Object" preserve="all" />
    <type fullname="UnityEngine.RectTransform" preserve="all" />
    <type fullname="UnityEngine.RenderSettings" preserve="all" />
    <type fullname="UnityEngine.Shader" preserve="all" />
    <type fullname="UnityEngine.Sprite" preserve="all" />
    <type fullname="UnityEngine.SpriteRenderer" preserve="all" />
    <type fullname="UnityEngine.Texture2D" preserve="all" />
    <type fullname="UnityEngine.Transform" preserve="all" />
    <type fullname="UnityEngine.Events.PersistentCallGroup" preserve="nothing" serialized="true" />
  </assembly>
  <assembly fullname="UnityEngine.ParticleSystemModule, Version=0.0.0.0, Culture=neutral, PublicKeyToken=null">
    <type fullname="UnityEngine.ParticleSystem" preserve="all" />
    <type fullname="UnityEngine.ParticleSystemRenderer" preserve="all" />
  </assembly>
  <assembly fullname="UnityEngine.TextRenderingModule, Version=0.0.0.0, Culture=neutral, PublicKeyToken=null">
    <type fullname="UnityEngine.Font" preserve="all" />
  </assembly>
  <assembly fullname="UnityEngine.UI, Version=1.0.0.0, Culture=neutral, PublicKeyToken=null">
    <type fullname="UnityEngine.EventSystems.EventSystem" preserve="all" />
    <type fullname="UnityEngine.UI.Button" preserve="all" />
    <type fullname="UnityEngine.UI.CanvasScaler" preserve="all" />
    <type fullname="UnityEngine.UI.GraphicRaycaster" preserve="all" />
    <type fullname="UnityEngine.UI.Image" preserve="all" />
    <type fullname="UnityEngine.UI.RawImage" preserve="all" />
    <type fullname="UnityEngine.UI.AnimationTriggers" preserve="nothing" serialized="true" />
    <type fullname="UnityEngine.UI.Button/ButtonClickedEvent" preserve="nothing" serialized="true" />
    <type fullname="UnityEngine.UI.ColorBlock" preserve="nothing" serialized="true" />
    <type fullname="UnityEngine.UI.MaskableGraphic/CullStateChangedEvent" preserve="nothing" serialized="true" />
    <type fullname="UnityEngine.UI.Navigation" preserve="nothing" serialized="true" />
    <type fullname="UnityEngine.UI.SpriteState" preserve="nothing" serialized="true" />
  </assembly>
  <assembly fullname="UnityEngine.UIModule, Version=0.0.0.0, Culture=neutral, PublicKeyToken=null">
    <type fullname="UnityEngine.Canvas" preserve="all" />
    <type fullname="UnityEngine.CanvasRenderer" preserve="all" />
  </assembly>
  <assembly fullname="VContainer, Version=0.0.0.0, Culture=neutral, PublicKeyToken=null">
    <type fullname="VContainer.Unity.VContainerSettings" preserve="all" />
    <type fullname="VContainer.Unity.ParentReference" preserve="nothing" serialized="true" />
  </assembly>
  <assembly fullname="UnityEngine.TextCoreFontEngineModule">
    <type fullname="UnityEngine.TextCore.FaceInfo" preserve="nothing" serialized="true" />
    <type fullname="UnityEngine.TextCore.Glyph" preserve="nothing" serialized="true" />
    <type fullname="UnityEngine.TextCore.GlyphMetrics" preserve="nothing" serialized="true" />
    <type fullname="UnityEngine.TextCore.GlyphRect" preserve="nothing" serialized="true" />
    <type fullname="UnityEngine.TextCore.LowLevel.GlyphAdjustmentRecord" preserve="nothing" serialized="true" />
    <type fullname="UnityEngine.TextCore.LowLevel.GlyphPairAdjustmentRecord" preserve="nothing" serialized="true" />
    <type fullname="UnityEngine.TextCore.LowLevel.GlyphValueRecord" preserve="nothing" serialized="true" />
  </assembly>
</linker>